,store_code,ItemID,address,local,category
0,STORE_GJ00001,광고최원석의돼지한판 광장점,서울 광진구 아차산로 478 1층,(지번) 구의동 199-15,"육류,고기"
1,STORE_GJ00002,광고예담밥상,서울 광진구 동일로22길 13 1층,(지번) 화양동 44-68,한정식
2,STORE_GJ00003,광고크래버 대게나라 광장점,서울 광진구 천호대로 611 1층,(지번) 중곡동 131-5,"게,대게"
3,STORE_GJ00004,신토불이떡볶이 본점,서울 광진구 자양로43길 42 1층,(지번) 구의동 52-17,떡볶이
4,STORE_GJ00005,서북면옥,서울 광진구 자양로 199-1,(지번) 구의동 80-47,냉면
5,STORE_GJ00006,원조할아버지손두부,서울 광진구 자양로 324 1층,(지번) 구의동 26-15,두부전문점
6,STORE_GJ00007,이이요,서울 광진구 능동로32길 6,(지번) 능동 225-1,일식
7,STORE_GJ00008,로니로티 건대점,서울 광진구 아차산로 225 3층,(지번) 화양동 7-44,이탈리안
8,STORE_GJ00009,송림식당,서울 광진구 자양번영로 79,(지번) 자양동 227-138,기사식당
9,STORE_GJ00010,송화산시도삭면 2호점,서울 광진구 아차산로30길 33,(지번) 자양동 6-63,중화요리
10,STORE_GJ00011,비스타워커힐서울 피자힐,서울 광진구 워커힐로 177 워커힐호텔,(지번) 광장동 5-96,피자
11,STORE_GJ00012,아찌떡볶이,서울 광진구 아차산로29길 53,(지번) 화양동 34-5,분식
12,STORE_GJ00013,아르무아,서울 광진구 동일로22길 117-27 1~2층,(지번) 화양동 5-32,카페
13,STORE_GJ00014,군자대한곱창 본점,서울 광진구 능동로36길 10,(지번) 능동 221-2,"곱창,막창"
14,STORE_GJ00015,영미오리탕 군자점,서울 광진구 동일로60길 53 천수빌딩 1층,(지번) 군자동 467-16,오리
15,STORE_GJ00016,남한강민물매운탕,서울 광진구 동일로 150,(지번) 화양동 24-44,"매운탕,해물탕"
16,STORE_GJ00017,도우터,서울 광진구 아차산로31길 40,(지번) 화양동 11-17,카페
17,STORE_GJ00018,송화양꼬치,서울 광진구 동일로18길 70,(지번) 자양동 11-2,양꼬치
18,STORE_GJ00019,뚝방길홍차가게,서울 광진구 자양강변길 277 1층,(지번) 자양동 589-20,카페
19,STORE_GJ00020,멕시칼리,서울 광진구 능동로36길 181,(지번) 능동 256-8,양식
20,STORE_GJ00021,크래버 대게나라 광장점,서울 광진구 천호대로 611 1층,(지번) 중곡동 131-5,"게,대게"
21,STORE_GJ00022,감성타코 건대점,서울 광진구 능동로13길 39 2층,(지번) 화양동 10-1,"멕시칸,브라질"
22,STORE_GJ00023,뱃놈,서울 광진구 광나루로19길 9 1층,(지번) 군자동 373-9,조개
23,STORE_GJ00024,계탄집 본점,서울 광진구 능동로 31 1층,(지번) 자양동 553-264,닭요리
24,STORE_GJ00025,함흥본가면옥 건대점,서울 광진구 광나루로 456,(지번) 화양동 302-25,냉면
25,STORE_GJ00026,순금이떡볶이,서울 광진구 자양로43길 43,(지번) 구의동 53-14,떡볶이
26,STORE_GJ00027,빠오즈푸,서울 광진구 광나루로 373 1층,(지번) 군자동 361-32,중화요리
27,STORE_GJ00028,메이탄,서울 광진구 광나루로 590 아산빌딩 1층,(지번) 구의동 202-6,중화요리
28,STORE_GJ00029,롤링파스타 건대지점,서울 광진구 능동로 127 2층,(지번) 화양동 5-1,이탈리안
29,STORE_GJ00030,오코노미야키식당하나,서울 광진구 능동로13길 111,(지번) 화양동 31-4,일식집
30,STORE_GJ00031,호야 본점,서울 광진구 능동로13길 36,(지번) 화양동 12-36,"초밥,롤"
31,STORE_GJ00032,체리커피,서울 광진구 능동로 284,(지번) 능동 282-1,커피전문점
32,STORE_GJ00033,건대사시미,서울 광진구 아차산로33길 23,(지번) 화양동 8-92,회
33,STORE_GJ00034,마초쉐프 건대점,서울 광진구 능동로 125 2층,(지번) 화양동 5-3,이탈리안
34,STORE_GJ00035,안다즈커피,서울 광진구 천호대로132길 10 1층,(지번) 구의동 75-26,커피전문점
35,STORE_GJ00036,스시텐 강변점,서울 광진구 구의강변로 86 강변리치타워 101호,(지번) 구의동 214-6,"초밥,롤"
36,STORE_GJ00037,경양카츠 건대점,서울 광진구 동일로20길 60 연일빌딩 1층,(지번) 자양동 10-45,"돈까스,우동"
37,STORE_GJ00038,매화반점 1호점,서울 광진구 동일로18길 105,(지번) 자양동 5-11,중화요리
38,STORE_GJ00039,대명소곱창,서울 광진구 능동로 298,(지번) 능동 279-2,"곱창,막창"
39,STORE_GJ00040,고기대통령 본점,서울 광진구 능동로 91 2층,(지번) 자양동 2-1,고기뷔페
40,STORE_GJ00041,모두랑,서울 광진구 자양로28길 24,(지번) 구의동 250-35,분식
41,STORE_GJ00042,강릉엄지네꼬막집 구의역점,서울 광진구 아차산로 375 크레신타워3차 2층,(지번) 구의동 246-14,"해물,생선"
42,STORE_GJ00043,라화쿵부 건대점,서울 광진구 아차산로30길 42,(지번) 자양동 9-5,중화요리
43,STORE_GJ00044,민벅 건대점,서울 광진구 능동로13길 39 한아름쇼핑센터 1층,(지번) 화양동 10-1,양식
44,STORE_GJ00045,가온,서울 광진구 아차산로78길 75 현대골든텔2차 106호,(지번) 광장동 102,국수
45,STORE_GJ00046,은혜즉석떡볶이,서울 광진구 광나루로 381-1 2층,(지번) 군자동 361-25,떡볶이
46,STORE_GJ00047,하이디라오코리아 건대점,서울 광진구 능동로 110 2층,(지번) 화양동 4-20,중화요리
47,STORE_GJ00048,최원석의돼지한판 광장점,서울 광진구 아차산로 478 1층,(지번) 구의동 199-15,"육류,고기"
48,STORE_GJ00049,비에이치테이블,서울 광진구 아차산로45길 16 1층,(지번) 자양동 775-10,카페
49,STORE_GJ00050,도톰,서울 광진구 능동로 386 1층,(지번) 중곡동 31-9,"육류,고기"
50,STORE_GJ00051,랑데자뷰 건대점,서울 광진구 아차산로31길 3,(지번) 화양동 9-23,카페
51,STORE_GJ00052,스위트앤카츠 화양직영점,서울 광진구 광나루로17길 14 1층,(지번) 군자동 373-7,"돈까스,우동"
52,STORE_GJ00053,최가커피,서울 광진구 능동로13길 23,(지번) 화양동 11-33,커피전문점
53,STORE_GJ00054,우성식당,서울 광진구 자양번영로 60-1,(지번) 자양동 611-2,기사식당
54,STORE_GJ00055,호파스타,서울 광진구 군자로3길 23,(지번) 화양동 12-52,이탈리안
55,STORE_GJ00056,민정식당 본점,서울 광진구 아차산로42길 41-4,(지번) 자양동 232-4,한식
56,STORE_GJ00057,제주탐하리,서울 광진구 천호대로101길 11,(지번) 중곡동 612-3,"육류,고기"
57,STORE_GJ00058,어메이징브루잉컴퍼니 건대점,서울 광진구 동일로20길 55 1층,(지번) 자양동 8-10,"호프,요리주점"
58,STORE_GJ00059,화기애애 건대점,서울 광진구 아차산로31길 16,(지번) 화양동 8-37,"육류,고기"
59,STORE_GJ00060,기와집 한방능이백숙명품삼계탕 본점,서울 광진구 면목로 32 1층,(지번) 군자동 470-1,삼계탕
60,STORE_GJ00061,매운향솥 본점,서울 광진구 동일로18길 61,(지번) 자양동 9-33,중화요리
61,STORE_GJ00062,선남씨,서울 광진구 자양번영로 62 예닮빌딩 1층,(지번) 자양동 611-1,"초밥,롤"
62,STORE_GJ00063,깍뚝,서울 광진구 능동로19길 36 1층,(지번) 화양동 111-161,"육류,고기"
63,STORE_GJ00064,소담촌 아차산역점,서울 광진구 용마산로 10 3층,(지번) 중곡동 93-2,샤브샤브
64,STORE_GJ00065,명봉반점,서울 광진구 뚝섬로31길 59,(지번) 자양동 4-1,양꼬치
65,STORE_GJ00066,우마이도 건대점,서울 광진구 능동로 135-2,(지번) 화양동 3-29,일본식라면
66,STORE_GJ00067,천지샤브샤브 2호점,서울 광진구 아차산로29길 22 2층,(지번) 화양동 9-25,샤브샤브
67,STORE_GJ00068,마우스레빗,서울 광진구 능동로11길 10,(지번) 화양동 5-14,카페
68,STORE_GJ00069,택이네조개전골 군자점,서울 광진구 천호대로 591 유신빌딩 1층,(지번) 중곡동 132-21,조개
69,STORE_GJ00070,서울편백찜 광장점,서울 광진구 광장로 83 1층,(지번) 광장동 332-5,"육류,고기"
70,STORE_GJ00071,명월관,서울 광진구 워커힐로 177,(지번) 광장동 42,"육류,고기"
71,STORE_GJ00072,미분당 건대점,서울 광진구 군자로3길 27,(지번) 화양동 12-42,베트남음식
72,STORE_GJ00073,이화만두,서울 광진구 능동로 278-1 1층,(지번) 능동 282-3,분식
73,STORE_GJ00074,W,서울 광진구 동일로22길 117-11,(지번) 화양동 5-67,"호프,요리주점"
74,STORE_GJ00075,아오스요거트,서울 광진구 능동로 153 1층,(지번) 화양동 2-23,디저트카페
75,STORE_GJ00076,도치피자 강변점,서울 광진구 아차산로62길 14-4,(지번) 구의동 218-10,양식
76,STORE_GJ00077,돕,서울 광진구 아차산로31길 9,(지번) 화양동 9-22,감자탕
77,STORE_GJ00078,어반나이프 강변점,서울 광진구 구의강변로 85 3층,(지번) 구의동 217-15,양식
78,STORE_GJ00079,마리모,서울 광진구 면목로 22-1 1층,(지번) 군자동 49-26,"돈까스,우동"
79,STORE_GJ00080,잉글사이드 군자본점,서울 광진구 능동로 282 1층,(지번) 능동 282-2,이탈리안
80,STORE_GJ00081,릴리베이커리,서울 광진구 능동로13길 21 1층,(지번) 화양동 11-30,"제과,베이커리"
81,STORE_GJ00082,천미천훠궈,서울 광진구 천호대로110길 8-10,(지번) 능동 220-2,샤브샤브
82,STORE_GJ00083,카페히릿,서울 광진구 광나루로 404 3층,(지번) 화양동 111-72,애견카페
83,STORE_GJ00084,미식반점,서울 광진구 군자동 362-1 1층,,중화요리
84,STORE_GJ00085,메종드타르트,서울 광진구 자양로53길 69,(지번) 중곡동 97-1,"제과,베이커리"
85,STORE_GJ00086,역전할머니맥주 건대점,서울 광진구 아차산로25길 13,(지번) 화양동 45-82,"호프,요리주점"
86,STORE_GJ00087,그리네,서울 광진구 군자로 139 1층,(지번) 군자동 64-21,디저트카페
87,STORE_GJ00088,텐동한,서울 광진구 능동로38길 32 1층,(지번) 중곡동 341-26,일식
88,STORE_GJ00089,소바쿠,서울 광진구 천호대로 650,(지번) 능동 256-4,일식
89,STORE_GJ00090,바나나토크라운지,서울 광진구 능동로 237 1층,(지번) 군자동 249,양식
90,STORE_GJ00091,고고기,서울 광진구 아차산로 471 CS프라자빌딩 1층,(지번) 구의동 212-3,"육류,고기"
91,STORE_GJ00092,소문난숯불구이,서울 광진구 자양번영로 28,(지번) 자양2동 601-5,갈비
92,STORE_GJ00093,시드누아 중곡센터점,서울 광진구 천호대로127길 44,(지번) 중곡동 111-2,커피전문점
93,STORE_GJ00094,뽀빠이기사식당,서울 광진구 긴고랑로 17-1,(지번) 중곡동 239-82,기사식당
94,STORE_GJ00095,마당족발,서울 광진구 능동로 173,(지번) 화양동 111-119,"족발,보쌈"
95,STORE_GJ00096,소신이쏘 건대점,서울 광진구 아차산로31길 9-1 2층,(지번) 화양동 9-19,갈비
96,STORE_GJ00097,세광양대창 군자점,서울 광진구 능동로36길 16,(지번) 능동 223-2,"곱창,막창"
97,STORE_GJ00098,커피나무 건대입구역점,서울 광진구 동일로22길 117-26,(지번) 화양동 5-40,커피전문점
98,STORE_GJ00099,정성육회 서울직영점,서울 광진구 자양로43길 7 1층,(지번) 구의동 54-16,"육류,고기"
99,STORE_GJ00100,조선주막 건대점,서울 광진구 아차산로33길 28-4,(지번) 화양동 5-59,"호프,요리주점"
100,STORE_GJ00101,고향집,서울 광진구 아차산로49길 30,(지번) 구의동 252-88,"해물,생선"
101,STORE_GJ00102,일송정,서울 광진구 아차산로49길 21,(지번) 구의동 252-19,한정식
102,STORE_GJ00103,돈수작 능동본점,서울 광진구 능동로36길 13 1층,(지번) 능동 220-12,"족발,보쌈"
103,STORE_GJ00104,찌마기 구의점,서울 광진구 구의로 17,(지번) 구의동 221-81,조개
104,STORE_GJ00105,사거리식당 건대직영점,서울 광진구 아차산로33길 43,(지번) 화양동 8-1,닭요리
105,STORE_GJ00106,임진강,서울 광진구 긴고랑로 93,(지번) 중곡동 150-179,장어
106,STORE_GJ00107,아웃백스테이크하우스 건대스타시티점,서울 광진구 능동로 92 스타시티몰 스타존 2층,(지번) 자양동 227-342,패밀리레스토랑
107,STORE_GJ00108,뺑드램,서울 광진구 뚝섬로 599,(지번) 자양동 609-6,"제과,베이커리"
108,STORE_GJ00109,그자체베이커리 2호점,서울 광진구 능동로13길 65 2층,(지번) 화양동 33-43,"제과,베이커리"
109,STORE_GJ00110,북카페세모,"서울 광진구 아차산로31길 20 2, 3층",(지번) 화양동 8-43,북카페
110,STORE_GJ00111,엘루이피자&펍 건대점,서울 광진구 아차산로33길 35,(지번) 화양동 8-4,피자
111,STORE_GJ00112,당산오돌 구의역점,서울 광진구 자양로18길 12,(지번) 구의동 246-33,"육류,고기"
112,STORE_GJ00113,니집안방,서울 광진구 동일로22길 54,(지번) 화양동 48-19,한정식
113,STORE_GJ00114,요마시,서울 광진구 천호대로102길 7 1층,(지번) 군자동 466-2,일식
114,STORE_GJ00115,부탄츄 건대점,서울 광진구 동일로22길 117-14,(지번) 화양동 5-105,일본식라면
115,STORE_GJ00116,오페뜨 건대점,서울 광진구 능동로 111 2층,(지번) 화양동 5-106,카페
116,STORE_GJ00117,어울림,서울 광진구 광장로1나길 10,(지번) 광장동 393-21,"해물,생선"
117,STORE_GJ00118,고흥순대국 건국대본점,서울 광진구 아차산로34길 26,(지번) 자양동 5-56,순대
118,STORE_GJ00119,일품대가삼계탕,서울 광진구 아차산로 358 1층,(지번) 자양동 219-7,삼계탕
119,STORE_GJ00120,소사면옥,서울 광진구 능동로 270 윤중빌딩 1층,(지번) 능동 283-7,냉면
120,STORE_GJ00121,영동교집,서울 광진구 아차산로33길 16-2,(지번) 화양동 5-71,삼겹살
121,STORE_GJ00122,신사소곱창 건대점,서울 광진구 아차산로31길 39,(지번) 화양동 10-8,"곱창,막창"
122,STORE_GJ00123,오징어상미수산,서울 광진구 면목로 34,(지번) 군자동 471-4,회
123,STORE_GJ00124,봉자마라탕,서울 광진구 동일로18길 22,(지번) 자양동 12-5,중식
124,STORE_GJ00125,망향비빔국수 광진점,서울 광진구 천호대로 694,(지번) 구의동 73-5,국수
125,STORE_GJ00126,헤르츠커피로스팅,서울 광진구 능동로 334,(지번) 중곡동 161-27,커피전문점
126,STORE_GJ00127,육성회비,서울 광진구 동일로24길 19 1층 101호,(지번) 화양동 37-93,"호프,요리주점"
127,STORE_GJ00128,도쿄빙수 건대점,서울 광진구 아차산로31길 45 1층,(지번) 화양동 10-2,디저트카페
128,STORE_GJ00129,스타벅스 건대입구,서울 광진구 능동로 107,(지번) 화양동 5-47,커피전문점
129,STORE_GJ00130,스시토푸,서울 광진구 아차산로 612,(지번) 광장동 326-13,"초밥,롤"
130,STORE_GJ00131,카페 드노보,서울 광진구 아차산로78길 157,(지번) 광장동 187-2,카페
131,STORE_GJ00132,와꼬,서울 광진구 구의강변로 88 2층,(지번) 구의동 214-12,회
132,STORE_GJ00133,플라이팬커피,서울 광진구 능동로3길 14,(지번) 자양동 64-11,커피전문점
133,STORE_GJ00134,조씨네고기국수,서울 광진구 군자로3길 23,(지번) 화양동 12-52,국수
134,STORE_GJ00135,유키노하나,서울 광진구 아차산로33길 21-5,(지번) 화양동 8-86,일본식주점
135,STORE_GJ00136,후타리 건대2호점,서울 광진구 동일로22길 32 1층,(지번) 화양동 49-4,일본식주점
136,STORE_GJ00137,복만루 3호점,서울 광진구 동일로20길 106 2층 202호,(지번) 자양동 5-75,중화요리
137,STORE_GJ00138,황금손가락초밥,서울 광진구 구의강변로 49,(지번) 구의동 593-13,"초밥,롤"
138,STORE_GJ00139,수작나베 강변본점,서울 광진구 구의강변로 106 삼성쉐르빌 1층 110호,(지번) 구의동 199-18,샤브샤브
139,STORE_GJ00140,카페호이 자양점,"서울 광진구 동일로20길 80 1,2층",(지번) 자양동 6-38,커피전문점
140,STORE_GJ00141,팀스쿡 구의점,서울 광진구 광나루로50길 10,(지번) 구의동 202-16,이탈리안
141,STORE_GJ00142,CAFE22,서울 광진구 아차산로31길 54 2층,(지번) 화양동 11-22,카페
142,STORE_GJ00143,새벽집 군자점,서울 광진구 광나루로 369 광진두산위브파크 1층,(지번) 군자동 503,갈비
143,STORE_GJ00144,바르미 샤브샤브n칼국수 구의점,서울 광진구 아차산로 471 CS플라자 3층,(지번) 구의동 212-3,샤브샤브
144,STORE_GJ00145,김부삼 건대점,"서울 광진구 아차산로33길 40-1 1, 2층",(지번) 화양동 5-28,삼겹살
145,STORE_GJ00146,쭈꾸미킹,서울 광진구 능동로13길 39 한아름쇼핑센타 1층,(지번) 화양동 10-1,"해물,생선"
146,STORE_GJ00147,리춘시장 건대점,서울 광진구 아차산로33길 44,(지번) 화양동 5-26,"호프,요리주점"
147,STORE_GJ00148,카페K375,"서울 광진구 아차산로33길 68 지하,1~2층",(지번) 화양동 3-75,카페
148,STORE_GJ00149,진한방삼계탕 군자점,서울 광진구 능동로 254,(지번) 능동 315-3,삼계탕
149,STORE_GJ00150,골목에골목,서울 광진구 아차산로33길 51-4 2층,(지번) 화양동 11-39,떡볶이
150,STORE_GJ00151,코후쿠,서울 광진구 아차산로29길 24 2층,(지번) 화양동 9-36,일본식주점
151,STORE_GJ00152,범가,서울 광진구 광장로 58-1,(지번) 광장동 257-3,중화요리
152,STORE_GJ00153,강경수참치,서울 광진구 아차산로33길 34 2층,(지번) 화양동 5-65,참치회
153,STORE_GJ00154,행복한우,서울 광진구 구의강변로 30,(지번) 구의동 599,"육류,고기"
154,STORE_GJ00155,설빙 건대직영2호점,서울 광진구 아차산로 230 1층,(지번) 자양동 7-6,디저트카페
155,STORE_GJ00156,대흥양다리바베큐 건대점,서울 광진구 아차산로30길 39 1층,(지번) 자양동 6-20,중화요리
156,STORE_GJ00157,송쉐프 구의점,서울 광진구 아차산로 355 타워더모스트광진아크로텔 2층,(지번) 자양동 779-5,중화요리
157,STORE_GJ00158,페스타마레 건대점,서울 광진구 동일로20길 114 2층,(지번) 자양동 2-14,이탈리안
158,STORE_GJ00159,히어로보드게임카페 건대1호점,서울 광진구 아차산로 221 3층,(지번) 화양동 7-4,보드카페
159,STORE_GJ00160,은호초밥 건대본점,서울 광진구 동일로20길 83,(지번) 자양동 7-22,"초밥,롤"
160,STORE_GJ00161,스시오 건대점,서울 광진구 능동로 141,(지번) 화양동 3-22,"초밥,롤"
161,STORE_GJ00162,화양시장할머니순대국,서울 광진구 아차산로 293,(지번) 자양동 226-24,순대
162,STORE_GJ00163,정통집 건대점,서울 광진구 동일로24길 95 1층,(지번) 화양동 11-14,"육류,고기"
163,STORE_GJ00164,건대스시,서울 광진구 능동로13길 19 2층,(지번) 화양동 11-2,"초밥,롤"
164,STORE_GJ00165,마카오도우라오 건대점,서울 광진구 아차산로30길 26 2층,(지번) 자양동 9-4,중화요리
165,STORE_GJ00166,복만루,서울 광진구 아차산로 352 1층,(지번) 자양동 219-12,중화요리
166,STORE_GJ00167,동해해물,서울 광진구 동일로26길 16,(지번) 화양동 37-1,"해물,생선"
167,STORE_GJ00168,팔월잔칫날 광장본점,서울 광진구 아차산로76길 5 1층,(지번) 광장동 339-7,"육류,고기"
168,STORE_GJ00169,메이빌 건대점,서울 광진구 아차산로29길 7,(지번) 화양동 48-25,이탈리안
169,STORE_GJ00170,유일설렁탕,서울 광진구 용마산로 154,(지번) 중곡동 18-13,설렁탕
170,STORE_GJ00171,아웃닭 건대점,서울 광진구 동일로22길 51,(지번) 화양동 46-55,치킨
171,STORE_GJ00172,카페레디언트,서울 광진구 능동로38길 41 101호,(지번) 중곡동 142-36,카페
172,STORE_GJ00173,천향마라탕 건대점,서울 광진구 아차산로30길 20,(지번) 자양동 9-29,중화요리
173,STORE_GJ00174,도쿄스테이크 건대점,서울 광진구 능동로13길 27,(지번) 화양동 11-32,"스테이크,립"
174,STORE_GJ00175,벨롱에스프레소,서울 광진구 능동로17길 34 1층,(지번) 화양동 110-40,커피전문점
175,STORE_GJ00176,호야초밥참치 2호점,서울 광진구 능동로13길 30 1층,(지번) 화양동 12-34,"초밥,롤"
176,STORE_GJ00177,만경상회 건대본점,서울 광진구 동일로22길 40 1층,(지번) 화양동 49-14,"족발,보쌈"
177,STORE_GJ00178,예담밥상,서울 광진구 동일로22길 13 1층,(지번) 화양동 44-68,한정식
178,STORE_GJ00179,순곱이네 서울건대점,서울 광진구 동일로24길 93 1층,(지번) 화양동 11-16,순대
179,STORE_GJ00180,라멘다이야,서울 광진구 자양번영로6길 67,(지번) 자양동 606-45,일본식라면
180,STORE_GJ00181,고오기,서울 광진구 능동로 68,(지번) 자양동 510-5,"육류,고기"
181,STORE_GJ00182,구공탄곱창 군자점,서울 광진구 능동로36길 22 1층,(지번) 능동 223-32,"곱창,막창"
182,STORE_GJ00183,천미향,서울 광진구 능동로 237 2층,(지번) 군자동 250,중화요리
183,STORE_GJ00184,스타벅스 강변역,서울 광진구 구의동 589-10 구의아크로리버 제1층 109호,,커피전문점
184,STORE_GJ00185,해남닭집,서울 광진구 능동로13길 46,(지번) 화양동 12-40,치킨
185,STORE_GJ00186,찜집,서울 광진구 자양번영로 44,(지번) 자양동 610-6,"해물,생선"
186,STORE_GJ00187,강남면옥 광장점,서울 광진구 구의강변로 106 삼성쉐르빌 109호,(지번) 구의동 199-18,냉면
187,STORE_GJ00188,하오츠,서울 광진구 능동로 275,(지번) 군자동 1-11,중화요리
188,STORE_GJ00189,청와옥 군자역직영점,서울 광진구 천호대로 562 1층,(지번) 능동 220-4,순대
189,STORE_GJ00190,시옌 건대점,서울 광진구 능동로 137-8,(지번) 화양동 3-14,중화요리
190,STORE_GJ00191,우화등선,서울 광진구 동일로30길 52 3층,(지번) 화양동 17-1,"육류,고기"
191,STORE_GJ00192,램니쿠야,서울 광진구 아차산로 395 1층 105호,(지번) 구의동 246-3,"육류,고기"
192,STORE_GJ00193,빕스 어린이대공원점,서울 광진구 광나루로 410 KCC파크타운 오피스텔 2층,(지번) 화양동 527,패밀리레스토랑
193,STORE_GJ00194,오늘와인한잔 건대점,서울 광진구 동일로24길 102 1층,(지번) 화양동 8-8,와인바
194,STORE_GJ00195,원보양꼬치,서울 광진구 동일로18길 23,(지번) 자양동 16-37,양꼬치
195,STORE_GJ00196,밀피,"서울 광진구 동일로22길 117-15 1,2층",(지번) 화양동 5-99,카페
196,STORE_GJ00197,스타벅스 어린이대공원역,서울 광진구 능동로 243,(지번) 군자동 236,커피전문점
197,STORE_GJ00198,당산오돌 군자점,서울 광진구 능동로36길 30,(지번) 능동 223-4,"육류,고기"
198,STORE_GJ00199,감성당,서울 광진구 아차산로29길 25,(지번) 화양동 47-15,이탈리안
199,STORE_GJ00200,요비,서울 광진구 아차산로29길 34,(지번) 화양동 9-45,일본식주점
200,STORE_GJ00201,보승회관,서울 광진구 능동로 267,(지번) 군자동 2-51,국밥
201,STORE_GJ00202,김덕후의곱창조 건대점,서울 광진구 아차산로33길 21-4,(지번) 화양동 8-94,"곱창,막창"
202,STORE_GJ00203,백년회관서서갈비 중곡점,서울 광진구 면목로 178,(지번) 중곡동 198-11,갈비
203,STORE_GJ00204,1943,서울 광진구 동일로22길 81 캠퍼스프라자 2층 204~207호,(지번) 화양동 9-93,"호프,요리주점"
204,STORE_GJ00205,군자대한곱창 구의역점,서울 광진구 아차산로51길 33 덕풍빌딩 1층,(지번) 구의동 252-5,"곱창,막창"
205,STORE_GJ00206,C156,서울 광진구 동일로 156 H애비뉴 지하1층,(지번) 화양동 24-15,양식
206,STORE_GJ00207,환이네갈비살 1호점,서울 광진구 동일로24길 70 1층,(지번) 화양동 47-2,갈비
207,STORE_GJ00208,카페온더플랜 건대점,"서울 광진구 능동로 161 1,2층",(지번) 화양동 90-4,카페
208,STORE_GJ00209,산골닭갈비,서울 광진구 구의강변로7길 5,(지번) 구의동 217-27,닭요리
209,STORE_GJ00210,경성양육관 건대직영점,서울 광진구 동일로18길 52,(지번) 자양동 11-12,양꼬치
210,STORE_GJ00211,훈춘양꼬치,서울 광진구 아차산로34길 38,(지번) 자양동 5-26,양꼬치
211,STORE_GJ00212,타논55,서울 광진구 아차산로 480 1층,(지번) 구의동 199-8,태국음식
212,STORE_GJ00213,매화반점 건대지점,서울 광진구 동일로18길 96 1층,(지번) 자양동 4-11,중화요리
213,STORE_GJ00214,콩예원,서울 광진구 아차산로78길 75,(지번) 광장동 102,한식
214,STORE_GJ00215,복만루 건대점,서울 광진구 동일로18길 43 1층,(지번) 자양동 13-41,중화요리
215,STORE_GJ00216,데판야끼한,서울 광진구 능동로38길 32,(지번) 중곡동 341-26,일본식주점
216,STORE_GJ00217,옛집,서울 광진구 아차산로76가길 18,(지번) 광장동 326-9,한식
217,STORE_GJ00218,냥토피아,서울 광진구 능동로 147-1 3층,(지번) 화양동 2-47,테마카페
218,STORE_GJ00219,스시교센 본점,서울 광진구 능동로 251 1층,(지번) 군자동 244,"초밥,롤"
219,STORE_GJ00220,하이난,서울 광진구 능동로 243-1,(지번) 군자동 228,중화요리
220,STORE_GJ00221,마냐나 루프탑 테라스,서울 광진구 광나루로 604 진넥스베르디엠빌딩 6층,(지번) 구의동 201-8,이탈리안
221,STORE_GJ00222,면곡당,서울 광진구 면목로17길 24 1층,(지번) 중곡동 569-4,커피전문점
222,STORE_GJ00223,대구안지랑곱창막창 건대점,서울 광진구 동일로24길 82 1층,(지번) 화양동 9-66,"곱창,막창"
223,STORE_GJ00224,키랩보드게임 룸카페 건대본점,서울 광진구 아차산로33길 49 지하1층,(지번) 화양동 11-7,보드카페
224,STORE_GJ00225,스테이터 건대CGV점,서울 광진구 아차산로30길 26 2층,(지번) 자양동 9-4,양식
225,STORE_GJ00226,버거킹 군자능동점,서울 광진구 능동로 245 1층,(지번) 군자동 235,패스트푸드
226,STORE_GJ00227,개미집,서울 광진구 아차산로29길 18,(지번) 화양동 9-89,한정식
227,STORE_GJ00228,고향양꼬치,서울 광진구 동일로18길 101 1층,(지번) 자양동 5-12,양꼬치
228,STORE_GJ00229,건대우동집,서울 광진구 아차산로 201 1층,(지번) 화양동 49-11,"돈까스,우동"
229,STORE_GJ00230,래빗홀버거컴퍼니,서울 광진구 광나루로 424 1층,(지번) 화양동 490-2,햄버거
230,STORE_GJ00231,투썸플레이스 건대입구,"서울 광진구 능동로13길 5 1,2층",(지번) 화양동 5-12,커피전문점
231,STORE_GJ00232,모리참치,서울 광진구 천호대로 681 1층,(지번) 구의동 54-20,참치회
232,STORE_GJ00233,백미원 건대점,"서울 광진구 아차산로 224 1층 2,3호",(지번) 자양동 7-25,중식
233,STORE_GJ00234,테이스티마켓 건대점,서울 광진구 아차산로 241 연한빌딩 3층,(지번) 화양동 6-2,샤브샤브
234,STORE_GJ00235,육일관 본점,서울 광진구 아차산로31길 10,(지번) 화양동 8-35,"육류,고기"
235,STORE_GJ00236,노크 건대직영점,서울 광진구 동일로22길 89 1~5층,(지번) 화양동 9-86,"호프,요리주점"
236,STORE_GJ00237,고기원칙 구의역점,서울 광진구 아차산로 384,(지번) 자양동 216-23,"육류,고기"
237,STORE_GJ00238,레이니레인,서울 광진구 능동로 166,(지번) 화양동 94-25,커피전문점
238,STORE_GJ00239,스타벅스 건국대,"서울 광진구 능동로 117 1,2층",(지번) 화양동 5-45,커피전문점
239,STORE_GJ00240,카페러슬,서울 광진구 자양로37길 63 3층,(지번) 구의동 612-10,카페
240,STORE_GJ00241,건대 소몰이,서울 광진구 동일로22길 17 1층,(지번) 화양동 44-61,"육류,고기"
241,STORE_GJ00242,해룡마라룽샤,서울 광진구 동일로18길 36 1층,(지번) 자양동 857,중화요리
242,STORE_GJ00243,강희자얼큰손만두국,서울 광진구 능동로49길 16,(지번) 중곡동 220-78,한식
243,STORE_GJ00244,도단집,서울 광진구 동일로24길 60,(지번) 화양동 47-41,삼겹살
244,STORE_GJ00245,방이샤브샤브칼국수 건대점,서울 광진구 아차산로 212,(지번) 자양동 8-30,샤브샤브
245,STORE_GJ00246,장인석닭한마리,서울 광진구 자양로43길 49-6,(지번) 중곡동 115-19,닭요리
246,STORE_GJ00247,이대팔 건대점,서울 광진구 아차산로 238,(지번) 자양동 7-1,냉면
247,STORE_GJ00248,삼일민물장어,서울 광진구 천호대로 685,(지번) 구의동 57-62,장어
248,STORE_GJ00249,버거킹 구의점,서울 광진구 아차산로 466 1층,(지번) 구의동 213-1,패스트푸드
249,STORE_GJ00250,경성양고기꼬치구이,서울 광진구 동일로18길 53,(지번) 자양동 10-20,양꼬치
250,STORE_GJ00251,재희네식당,서울 광진구 군자로 21,(지번) 화양동 15-6,"찌개,전골"
251,STORE_GJ00252,D27,서울 광진구 동일로52길 39,(지번) 군자동 146-10,일본식주점
252,STORE_GJ00253,스시메이진 건대점,서울 광진구 능동로 92 롯데백화점 건대스타시티점 9층,(지번) 자양동 227-342,"초밥,롤"
253,STORE_GJ00254,미주류,서울 광진구 면목로 31 1층,(지번) 군자동 469-12,"호프,요리주점"
254,STORE_GJ00255,양촌리화로구이,서울 광진구 아차산로 482,(지번) 구의3동 199-96,갈비
255,STORE_GJ00256,울돌목주먹고기,서울 광진구 아차산로53길 8,(지번) 구의동 246-98,"육류,고기"
256,STORE_GJ00257,앨리스룸카페,서울 광진구 동일로22길 107 3층,(지번) 화양동 8-102,테마카페
257,STORE_GJ00258,섬진강민물장어,서울 광진구 동일로 190 1층,(지번) 군자동 355-5,장어
258,STORE_GJ00259,카페오로시,서울 광진구 자양로 131,(지번) 자양동 769-8,카페
259,STORE_GJ00260,이동재스시,서울 광진구 군자로 172,(지번) 군자동 476-8,"초밥,롤"
260,STORE_GJ00261,바라바라밤,서울 광진구 동일로22길 92-2,(지번) 화양동 7-35,실내포장마차
261,STORE_GJ00262,새로이,서울 광진구 능동로17길 5 1층,(지번) 화양동 94-1,"호프,요리주점"
262,STORE_GJ00263,최원석의돼지한판 서해쭈꾸미 건대2호점,서울 광진구 능동로11길 3,(지번) 화양동 5-42,"육류,고기"
263,STORE_GJ00264,밀도 광장동점,서울 광진구 광나루로 619,(지번) 광장동 571-1,"제과,베이커리"
264,STORE_GJ00265,바른면집 건대점,서울 광진구 능동로13길 28,(지번) 화양동 12-33,이탈리안
265,STORE_GJ00266,솔버 건대1호점,서울 광진구 아차산로 201 지하1층,(지번) 화양동 49-11,테마카페
266,STORE_GJ00267,포몬스 건대점,서울 광진구 아차산로 208 상록빌딩 1층,(지번) 자양동 8-3,동남아음식
267,STORE_GJ00268,커피마켓,서울 광진구 아차산로33길 60,(지번) 화양동 3-71,커피전문점
268,STORE_GJ00269,연길왕꼬치,서울 광진구 동일로18길 86,(지번) 자양동 4-6,양꼬치
269,STORE_GJ00270,허씨정통중경마라쌍궈 3호점,서울 광진구 아차산로30길 17 1층,(지번) 자양동 6-41,중화요리
270,STORE_GJ00271,퍼틴 건대점,서울 광진구 군자로3길 9 1층,(지번) 화양동 12-70,베트남음식
271,STORE_GJ00272,대가식당,서울 광진구 광나루로 596,(지번) 구의동 201-4,"육류,고기"
272,STORE_GJ00273,고베규카츠 건대점,서울 광진구 아차산로33길 64 2층,(지번) 화양동 3-73,"돈까스,우동"
273,STORE_GJ00274,풍년상회,서울 광진구 아차산로53길 53 1층,(지번) 구의동 257-15,갈비
274,STORE_GJ00275,안주나라,서울 광진구 동일로18길 23,(지번) 자양동 16-37,"호프,요리주점"
275,STORE_GJ00276,맥도날드 구의역점,서울 광진구 아차산로 376,(지번) 자양동 216-11,패스트푸드
276,STORE_GJ00277,솔샘숯불돼지갈비,서울 광진구 아차산로 374,(지번) 자양동 216-20,갈비
277,STORE_GJ00278,삼백집 건대점,서울 광진구 아차산로 350,(지번) 자양동 219-13,국밥
278,STORE_GJ00279,버거킹 건대입구역점,서울 광진구 아차산로 229 1층,(지번) 화양동 7-3,패스트푸드
279,STORE_GJ00280,군자오리촌,서울 광진구 능동로35길 18-1,(지번) 군자동 473-16,오리
280,STORE_GJ00281,단골손님 건대점,서울 광진구 아차산로33길 34,(지번) 화양동 5-65,"호프,요리주점"
281,STORE_GJ00282,참곱창,서울 광진구 면목로 182 중앙빌딩 1층,(지번) 중곡동 198-1,"곱창,막창"
282,STORE_GJ00283,열불날개 건대2호점,서울 광진구 동일로24길 86-2 1층,(지번) 화양동 9-2,닭요리
283,STORE_GJ00284,애슐리퀸즈 건대스타시티점,서울 광진구 능동로 110 스타시티 영존빌딩 B동 4층,(지번) 화양동 4-20,패밀리레스토랑
284,STORE_GJ00285,청주명문도너츠,서울 광진구 자양로 203,(지번) 구의동 80-37,패스트푸드
285,STORE_GJ00286,케이크를부탁해 건대점,서울 광진구 능동로 137 1층,(지번) 화양동 3-28,"제과,베이커리"
286,STORE_GJ00287,어멍네고기국수,서울 광진구 능동로13길 77,(지번) 화양동 33-30,국수
287,STORE_GJ00288,고래바,서울 광진구 뚝섬로57길 58 2층,(지번) 자양동 630-37,와인바
288,STORE_GJ00289,고기굽는놈,서울 광진구 아차산로31길 8,(지번) 화양동 8-29,갈비
289,STORE_GJ00290,소문난순대국왕족발 중곡본점,서울 광진구 능동로47길 21 1층,(지번) 중곡동 241-12,순대
290,STORE_GJ00291,경복궁불고기 건대점,서울 광진구 능동로 90 더 클래식500 1층 B101-1호,(지번) 자양동 227-342,"불고기,두루치기"
291,STORE_GJ00292,김과장고깃집 구의점,서울 광진구 아차산로49길 28-2 1층,(지번) 구의동 252-120,"육류,고기"
292,STORE_GJ00293,스타벅스 구의역,서울 광진구 아차산로 373,(지번) 구의동 246-15,커피전문점
293,STORE_GJ00294,춘향,서울 광진구 긴고랑로 99,(지번) 중곡동 150-184,중화요리
294,STORE_GJ00295,서울등심,서울 광진구 아차산로 431,(지번) 구의동 244-5,"육류,고기"
295,STORE_GJ00296,바다여행,서울 광진구 능동로 360-1,(지번) 중곡동 41-17,회
296,STORE_GJ00297,커피홍당무,서울 광진구 긴고랑로31길 5 1층,(지번) 중곡동 56-16,카페
297,STORE_GJ00298,새맛식당,서울 광진구 자양로18길 12-3,(지번) 구의동 246-30,한식
298,STORE_GJ00299,역전할머니맥주 군자역점,서울 광진구 천호대로110길 28,(지번) 능동 221-3,"호프,요리주점"
299,STORE_GJ00300,꼬메노,서울 광진구 군자로7길 29,(지번) 화양동 16-24,카페
300,STORE_GJ00301,곽홍백외식연구소 중곡점,서울 광진구 면목로 92 1층,(지번) 중곡동 244-45,"육류,고기"
301,STORE_GJ00302,멘쇼,서울 광진구 군자로2길 3,(지번) 화양동 1-10,일식
302,STORE_GJ00303,주꾸미,서울 광진구 아차산로33길 16-4,(지번) 화양동 5-70,"해물,생선"
303,STORE_GJ00304,자가제빵 선명희피자 구의점,서울 광진구 아차산로51길 98,(지번) 구의동 248-12,피자
304,STORE_GJ00305,춘천집,서울 광진구 아차산로33길 7,(지번) 화양동 7-1,닭요리
305,STORE_GJ00306,엑스케이프,서울 광진구 동일로 112,(지번) 화양동 50-2,테마카페
306,STORE_GJ00307,무교동유정낙지 구의점,서울 광진구 아차산로 464,(지번) 구의동 213-2,"해물,생선"
307,STORE_GJ00308,화양양꼬치,서울 광진구 아차산로29길 44,(지번) 화양동 9-50,양꼬치
308,STORE_GJ00309,강쇠네,서울 광진구 뚝섬로 535,(지번) 자양동 553-44,"육류,고기"
309,STORE_GJ00310,브네,서울 광진구 군자로 70 1층 106호,(지번) 군자동 362-1,양식
310,STORE_GJ00311,매복식당,서울 광진구 아차산로57길 10-1 1층,(지번) 구의동 221-34,"육류,고기"
311,STORE_GJ00312,능동샐러드,서울 광진구 능동로13길 10-7,(지번) 화양동 3-61,양식
312,STORE_GJ00313,제주애육당 광장점,서울 광진구 아차산로78길 170 102호,(지번) 광장동 184-11,"육류,고기"
313,STORE_GJ00314,속초가,서울 광진구 용마산로1길 65 1층,(지번) 중곡동 131-1,한식
314,STORE_GJ00315,건국수제돈까스,서울 광진구 아차산로29길 51,(지번) 화양동 34-10,"돈까스,우동"
315,STORE_GJ00316,강변역포장마차8번,서울 광진구 광나루로56길 86,(지번) 구의동 546-2,실내포장마차
316,STORE_GJ00317,더빈마켓 중곡점,서울 광진구 천호대로 589 향림빌딩 1층,(지번) 중곡동 132-11,카페
317,STORE_GJ00318,아날로그키친 건대점,서울 광진구 아차산로 200 커먼그라운드 마켓홀 3층,(지번) 자양동 17-1,이탈리안
318,STORE_GJ00319,늘푸른목장 건대점,서울 광진구 동일로18길 104 1층,(지번) 자양동 4-19,"육류,고기"
319,STORE_GJ00320,피자컴퍼니 군자점,서울 광진구 능동로32길 12 1층,(지번) 능동 320-37,피자
320,STORE_GJ00321,고망고 건대1호점,서울 광진구 아차산로30길 8 1층 2호,(지번) 자양동 8-22,카페
321,STORE_GJ00322,진곱창,서울 광진구 아차산로 397,(지번) 구의동 243-7,"곱창,막창"
322,STORE_GJ00323,장원참숯민물장어,서울 광진구 면목로 30,(지번) 군자동 470-5,장어
323,STORE_GJ00324,뺑드미,서울 광진구 영화사로 45 1층,(지번) 중곡동 99-8,"제과,베이커리"
324,STORE_GJ00325,메호르,서울 광진구 능동로13길 15 2층,(지번) 화양동 11-1,양식
325,STORE_GJ00326,홍도초밥,서울 광진구 아차산로29길 58,(지번) 화양동 10-24,"초밥,롤"
326,STORE_GJ00327,착한돈까스,서울 광진구 군자로3길 26,(지번) 화양동 15-53,"돈까스,우동"
327,STORE_GJ00328,케익다방,서울 광진구 동일로20길 83 2층,(지번) 자양동 7-22,디저트카페
328,STORE_GJ00329,조용한주택,서울 광진구 동일로24길 24,(지번) 화양동 44-77,이탈리안
329,STORE_GJ00330,제주뜰갈치전문점,서울 광진구 구의로 6,(지번) 구의동 244-15,"해물,생선"
330,STORE_GJ00331,짚신매운갈비찜 건대점,서울 광진구 아차산로33길 39,(지번) 화양동 8-3,갈비
331,STORE_GJ00332,태천면옥,서울 광진구 광장로 49,(지번) 광장동 258-39,냉면
332,STORE_GJ00333,엘리펀트,서울 광진구 동일로 76 1층,(지번) 자양동 250-10,카페
333,STORE_GJ00334,군산아구동태해물찜탕,서울 광진구 용마산로 34,(지번) 중곡동 80-13,"매운탕,해물탕"
334,STORE_GJ00335,일상식당,서울 광진구 자양로 130 1층,(지번) 구의동 252-95,"돈까스,우동"
335,STORE_GJ00336,호호닭발포차,서울 광진구 동일로24길 96 1층,(지번) 화양동 8-58,실내포장마차
336,STORE_GJ00337,제주올레포차 본점 숨비소리,서울 광진구 능동로19길 17 1층,(지번) 화양동 112-16,실내포장마차
337,STORE_GJ00338,초라멘,서울 광진구 능동로13길 80 1층,(지번) 화양동 16-28,일본식라면
338,STORE_GJ00339,피읖 제페니즈다이닝,서울 광진구 능동로 327-1,(지번) 중곡동 647-19,일식
339,STORE_GJ00340,이자와 건대점,서울 광진구 동일로20길 65,(지번) 자양동 8-17,일식
340,STORE_GJ00341,봉산집 강변점,서울 광진구 구의강변로 87,(지번) 구의동 217-7,"육류,고기"
341,STORE_GJ00342,군자생고기,서울 광진구 천호대로107길 8 1층,(지번) 중곡동 649-1,"육류,고기"
342,STORE_GJ00343,청담,서울 광진구 구의강변로 92 1층 101호,(지번) 구의동 214-10,한정식
343,STORE_GJ00344,스타벅스 광나루,서울 광진구 아차산로 607,(지번) 광장동 329-1,커피전문점
344,STORE_GJ00345,플레이독스,서울 광진구 능동로 163 지하 1층,(지번) 화양동 94-61,보드카페
345,STORE_GJ00346,중화호반닭갈비 아차산점,서울 광진구 천호대로129길 79,(지번) 중곡동 109-27,닭요리
346,STORE_GJ00347,꼴목포차,서울 광진구 아차산로25길 20,(지번) 화양동 46-66,실내포장마차
347,STORE_GJ00348,더메이즈 건대점,서울 광진구 아차산로26길 13 지하1층,(지번) 자양동 10-1,테마카페
348,STORE_GJ00349,만만코코로 건대점,서울 광진구 아차산로33길 26,(지번) 화양동 5-61,일본식주점
349,STORE_GJ00350,왕십리정곱창,"서울 광진구 능동로19길 5 1, 2층",(지번) 화양동 111-127,"곱창,막창"
350,STORE_GJ00351,장수왕족발분식,서울 광진구 군자로 1,(지번) 화양동 3-20,분식
351,STORE_GJ00352,그랜드워커힐서울 온달,서울 광진구 워커힐로 177 그랜드워커힐 본관 2층,(지번) 광장동 22-6,한정식
352,STORE_GJ00353,칼레오 커피로스터스,서울 광진구 아차산로 291,(지번) 자양동 226-42,카페
353,STORE_GJ00354,참토우 구의점,서울 광진구 구의강변로 81,(지번) 구의동 217-25,"육류,고기"
354,STORE_GJ00355,장터참숯무한리필 중곡동점,서울 광진구 긴고랑로 52 1층,(지번) 중곡동 163-2,"육류,고기"
355,STORE_GJ00356,KFC 세종대점,"서울 광진구 광나루로 396 1, 2층",(지번) 화양동 225,패스트푸드
356,STORE_GJ00357,탐앤탐스 탐스커버리 건대점,서울 광진구 아차산로 236 1~3층,(지번) 자양동 7-7,커피전문점
357,STORE_GJ00358,개미집1,서울 광진구 광나루로24길 12 2층,(지번) 화양동 495-16,한식
358,STORE_GJ00359,어사랑횟집,서울 광진구 동일로 164,(지번) 화양동 24-1,회
359,STORE_GJ00360,드로잉레시피,서울 광진구 뚝섬로33길 45 상석빌딩 1층 103호,(지번) 자양동 533-4,양식
360,STORE_GJ00361,황금돼지,서울 광진구 아차산로 444,(지번) 구의동 218-15,"육류,고기"
361,STORE_GJ00362,금비,서울 광진구 뚝섬로 609-1,(지번) 자양동 615-14,중화요리
362,STORE_GJ00363,달팽이부엌,서울 광진구 자양번영로4길 19 1층,(지번) 자양동 602-6,일식
363,STORE_GJ00364,문가네정육식당 구의직영점,서울 광진구 자양로18길 73 1층,(지번) 구의동 242-56,"육류,고기"
364,STORE_GJ00365,써브웨이 군자역점,서울 광진구 능동로 290 삼일빌딩,(지번) 능동 279-5,샌드위치
365,STORE_GJ00366,팔오곱창,서울 광진구 능동로36길 36,(지번) 능동 223-5,"곱창,막창"
366,STORE_GJ00367,빛나는바다 군자역점,서울 광진구 능동로36길 30,(지번) 능동 223-4,회
367,STORE_GJ00368,애슐리퀸즈 강변점,서울 광진구 광나루로56길 85 테크노마트 9층,(지번) 구의동 546-4,패밀리레스토랑
368,STORE_GJ00369,미태리 구의역점,서울 광진구 자양로 112 1층,(지번) 구의동 252-44,이탈리안
369,STORE_GJ00370,스타벅스 자양사거리,서울 광진구 아차산로 355 타워 더 모스트 아크로텔 1층,(지번) 자양동 779-5,커피전문점
370,STORE_GJ00371,싸다김밥,서울 광진구 자양로 104,(지번) 구의동 246-17,분식
371,STORE_GJ00372,제일곱창,서울 광진구 아차산로29길 57,(지번) 화양동 34-73,"곱창,막창"
372,STORE_GJ00373,스타벅스 건국클래식,"서울 광진구 능동로 90 더클래식500 1층 C102,103호",(지번) 자양동 227-342,커피전문점
373,STORE_GJ00374,옹심이메밀칼국수,서울 광진구 긴고랑로9길 34 1층,(지번) 중곡동 220-44,국수
374,STORE_GJ00375,도리도리닭도리,서울 광진구 아차산로49길 10 1층,(지번) 구의동 246-24,한식
375,STORE_GJ00376,금하,서울 광진구 아차산로36길 5 4층,(지번) 자양동 227-336,중화요리
376,STORE_GJ00377,대한해물,서울 광진구 아차산로51길 32,(지번) 구의동 257-115,"해물,생선"
377,STORE_GJ00378,오늘,서울 광진구 아차산로73길 29 1층,(지번) 광장동 245-3,"호프,요리주점"
378,STORE_GJ00379,라이거마라탕 건대점,서울 광진구 능동로 50 1층 103호,(지번) 자양동 507-6,중식
379,STORE_GJ00380,우리맛금일푸른바다,서울 광진구 능동로37길 14 1층,(지번) 중곡동 648-9,장어
380,STORE_GJ00381,히어로보드게임카페 건대본점,서울 광진구 능동로13길 39 한아름쇼핑센터 2층,(지번) 화양동 10-1,보드카페
381,STORE_GJ00382,투고샐러드 건국대점,서울 광진구 광나루로24길 9 1층,(지번) 화양동 495-9,패스트푸드
382,STORE_GJ00383,대구반야월막창 군자점,서울 광진구 천호대로 571,(지번) 중곡동 341-29,"곱창,막창"
383,STORE_GJ00384,중경식객,서울 광진구 동일로20길 109,(지번) 자양동 7-2,중식
384,STORE_GJ00385,룸메이트,서울 광진구 능동로 141 4층,(지번) 화양동 3-22,테마카페
385,STORE_GJ00386,동북풍미,서울 광진구 동일로18길 90,(지번) 자양동 4-5,양꼬치
386,STORE_GJ00387,왕대박마카오포차,서울 광진구 동일로22길 81,(지번) 화양동 9-91,실내포장마차
387,STORE_GJ00388,마스터키 건대점,서울 광진구 동일로 96 지하1층,(지번) 자양동 24-2,테마카페
388,STORE_GJ00389,카츠젠 건대점,서울 광진구 능동로13길 44,(지번) 화양동 12-39,"돈까스,우동"
389,STORE_GJ00390,맷돌로만,서울 광진구 자양로 135 1층,(지번) 자양동 767-4,두부전문점
390,STORE_GJ00391,양자강,서울 광진구 능동로49길 10,(지번) 중곡동 166-17,중화요리
391,STORE_GJ00392,뢰베,서울 광진구 자양번영로1길 24,(지번) 자양동 586-17,카페
392,STORE_GJ00393,왕십리불로곱창,서울 광진구 자양번영로 20,(지번) 자양동 600,"곱창,막창"
393,STORE_GJ00394,아차산손두부,서울 광진구 영화사로 68,(지번) 구의동 27-25,두부전문점
394,STORE_GJ00395,웰빙멸치국수,서울 광진구 아차산로 309,(지번) 자양동 224-23,국수
395,STORE_GJ00396,할리스 건대입구점,서울 광진구 아차산로 235,(지번) 화양동 7-13,커피전문점
396,STORE_GJ00397,바나바나 건대본점,서울 광진구 동일로20길 72 1층,(지번) 자양동 9-31,떡볶이
397,STORE_GJ00398,돈수작,서울 광진구 아차산로31길 9-1 1층,(지번) 화양동 9-19,"족발,보쌈"
398,STORE_GJ00399,딸부자네불백 건대역점,서울 광진구 동일로22길 71,(지번) 화양동 47-73,"불고기,두루치기"
399,STORE_GJ00400,아웃백스테이크하우스 딜리버리건대점,서울 광진구 광나루로 361 광진동양파라곤,(지번) 군자동 360-20,패밀리레스토랑
400,STORE_GJ00401,인,서울 광진구 구의강변로 52-1,(지번) 구의동 594-1,일본식주점
401,STORE_GJ00402,은행나무집,서울 광진구 아차산로69길 20,(지번) 광장동 413-13,한식
402,STORE_GJ00403,포크포크매콤돈가스&칡불냉면 건대직영점,서울 광진구 동일로22길 117-16,(지번) 화양동 5-95,한식
403,STORE_GJ00404,동대문곱창,서울 광진구 아차산로49길 9 1층,(지번) 구의동 246-51,"곱창,막창"
404,STORE_GJ00405,그륵,서울 광진구 동일로24길 60,(지번) 화양동 47-41,일식
405,STORE_GJ00406,세종원,서울 광진구 광나루로 373,(지번) 군자동 361-32,중화요리
406,STORE_GJ00407,백일도,서울 광진구 능동로47길 37,(지번) 중곡동 241-7,한식
407,STORE_GJ00408,부산어묵 중곡점,서울 광진구 긴고랑로11길 29,(지번) 중곡동 229-1,분식
408,STORE_GJ00409,써브웨이 건대입구점,서울 광진구 아차산로 241 연한빌딩 102호,(지번) 화양동 6-2,샌드위치
409,STORE_GJ00410,잇타이,서울 광진구 동일로20길 105 2층,(지번) 자양동 7-34,태국음식
410,STORE_GJ00411,최고당돈까스 건대점,서울 광진구 동일로20길 67 1층,(지번) 자양동 8-19,"돈까스,우동"
411,STORE_GJ00412,믹스라운지바,서울 광진구 동일로24길 102 지하 1층,(지번) 화양동 8-8,칵테일바
412,STORE_GJ00413,동서울손칼국수,서울 광진구 구의강변로 35 삼진빌딩 1층,(지번) 구의동 596-6,국수
